{
  "obs_gap": 0.08,
  "state_cov": 0.0,
  "x0": [
    3.812310020694972,
    0.34236723916655,
    4.718585899443692,
    8.8881876184213,
    -3.403232915264926,
    4.037705130839466,
    8.390412288739686,
    0.2860568171931357,
    -2.255590241464766,
    6.506887161676302
  ],
  "ev_time": 300,
  "prior_cov": 1.0,
  "shift": [
    4.0,
    4.0,
    4.0,
    4.0,
    4.0,
    4.0,
    4.0,
    4.0,
    4.0,
    4.0
  ],
  "obs_cov": 1.5999999999999999,
  "num_asml_steps": 300,
  "obs_seed": 3,
  "filter_seed": 3,
  "coords_to_plot": [
    0,
    1,
    8,
    9
  ],
  "tag": "prior_3_gap_0.08",
  "particle_count": 500,
  "threshold_factor": 1.0,
  "resampling_method": "systematic_noisy",
  "resampling_cov": 0.5,
  "status": "success"
}